{
    "accuracy": [
        0.621001124382019,
        0.84375,
        0.8507534861564636,
        0.84375,
        0.9093592762947083,
        0.875,
        0.9272935390472412,
        0.96875,
        0.9706089496612549,
        0.90625,
        0.9786728024482727,
        1.0,
        0.9792456030845642,
        1.0,
        0.9835639595985413,
        1.0,
        0.9851061701774597,
        0.96875,
        0.9836080074310303,
        1.0,
        0.9915395975112915,
        1.0,
        0.993742823600769
    ],
    "val_accuracy": [
        0.45073017477989197,
        0.3745559751987457,
        0.7937113642692566,
        0.7942376136779785,
        0.8380476236343384,
        0.8564662337303162,
        0.8989606499671936,
        0.8927772641181946,
        0.993816614151001,
        0.9939481616020203,
        0.987633228302002,
        0.9882910251617432,
        0.9998684525489807,
        1.0,
        0.9956584572792053,
        0.9948691129684448,
        0.622154951095581,
        0.615971565246582,
        0.9910538196563721,
        0.9911853671073914,
        1.0,
        1.0,
        1.0
    ],
    "loss": [
        1.2216519117355347,
        0.5231331586837769,
        0.4552419185638428,
        0.20999780297279358,
        0.27667900919914246,
        0.30960923433303833,
        0.2224002480506897,
        0.1386546939611435,
        0.09006039053201675,
        0.3648272454738617,
        0.06859473884105682,
        0.04991777241230011,
        0.06456214934587479,
        0.03218459710478783,
        0.052963610738515854,
        0.01818460412323475,
        0.047101475298404694,
        0.03696132451295853,
        0.051227230578660965,
        0.01925630122423172,
        0.028707090765237808,
        0.02479754202067852,
        0.022094570100307465
    ],
    "val_loss": [
        2.1465930938720703,
        2.924215078353882,
        0.7210156321525574,
        0.7204295992851257,
        0.6354259848594666,
        0.5310170650482178,
        0.33703896403312683,
        0.3577224612236023,
        0.015700748190283775,
        0.015164889395236969,
        0.02338401973247528,
        0.02196778729557991,
        0.005849146284162998,
        0.005176094826310873,
        0.010304132476449013,
        0.011833037249743938,
        2.5886528491973877,
        2.6524734497070312,
        0.016899505630135536,
        0.016509896144270897,
        0.0022287473548203707,
        0.00226388406008482,
        0.002193002263084054
    ]
}